Designator,Mid X,Mid Y,Layer,Rotation
C1_1,33.6650mm,-44.7655mm,Top,90
C1_2,69.4650mm,-44.7655mm,Top,90
C1_3,105.2650mm,-44.7655mm,Top,90
C1_4,33.6650mm,-80.5655mm,Top,90
C1_5,69.4650mm,-80.5655mm,Top,90
C1_6,105.2650mm,-80.5655mm,Top,90
C2_1,33.6812mm,-42.4792mm,Top,180
C2_2,69.4812mm,-42.4792mm,Top,180
C2_3,105.2812mm,-42.4792mm,Top,180
C2_4,33.6812mm,-78.2792mm,Top,180
C2_5,69.4812mm,-78.2792mm,Top,180
C2_6,105.2812mm,-78.2792mm,Top,180
C3_1,34.9055mm,-42.6719mm,Bottom,180
C3_2,70.7055mm,-42.6719mm,Bottom,180
C3_3,106.5055mm,-42.6719mm,Bottom,180
C3_4,34.9055mm,-78.4719mm,Bottom,180
C3_5,70.7055mm,-78.4719mm,Bottom,180
C3_6,106.5055mm,-78.4719mm,Bottom,180
C4_1,40.3624mm,-43.0479mm,Top,270
C4_2,76.1624mm,-43.0479mm,Top,270
C4_3,111.9624mm,-43.0479mm,Top,270
C4_4,40.3624mm,-78.8479mm,Top,270
C4_5,76.1624mm,-78.8479mm,Top,270
C4_6,111.9624mm,-78.8479mm,Top,270
C5_1,21.3000mm,-35.7000mm,Bottom,90
C5_2,57.1000mm,-35.7000mm,Bottom,90
C5_3,92.9000mm,-35.7000mm,Bottom,90
C5_4,21.3000mm,-71.5000mm,Bottom,90
C5_5,57.1000mm,-71.5000mm,Bottom,90
C5_6,92.9000mm,-71.5000mm,Bottom,90
C6_1,21.8165mm,-53.0280mm,Top,270
C6_2,57.6165mm,-53.0280mm,Top,270
C6_3,93.4165mm,-53.0280mm,Top,270
C6_4,21.8165mm,-88.8280mm,Top,270
C6_5,57.6165mm,-88.8280mm,Top,270
C6_6,93.4165mm,-88.8280mm,Top,270
C7_1,28.0715mm,-53.9336mm,Bottom,180
C7_2,63.8715mm,-53.9336mm,Bottom,180
C7_3,99.6715mm,-53.9336mm,Bottom,180
C7_4,28.0715mm,-89.7336mm,Bottom,180
C7_5,63.8715mm,-89.7336mm,Bottom,180
C7_6,99.6715mm,-89.7336mm,Bottom,180
C8_1,34.0805mm,-47.7290mm,Bottom,180
C8_2,69.8805mm,-47.7290mm,Bottom,180
C8_3,105.6805mm,-47.7290mm,Bottom,180
C8_4,34.0805mm,-83.5290mm,Bottom,180
C8_5,69.8805mm,-83.5290mm,Bottom,180
C8_6,105.6805mm,-83.5290mm,Bottom,180
C9_1,26.3994mm,-53.1082mm,Top,270
C9_2,62.1994mm,-53.1082mm,Top,270
C9_3,97.9994mm,-53.1082mm,Top,270
C9_4,26.3994mm,-88.9082mm,Top,270
C9_5,62.1994mm,-88.9082mm,Top,270
C9_6,97.9994mm,-88.9082mm,Top,270
C10_1,26.3650mm,-52.6202mm,Bottom,270
C10_2,62.1650mm,-52.6202mm,Bottom,270
C10_3,97.9650mm,-52.6202mm,Bottom,270
C10_4,26.3650mm,-88.4202mm,Bottom,270
C10_5,62.1650mm,-88.4202mm,Bottom,270
C10_6,97.9650mm,-88.4202mm,Bottom,270
C11_1,51.7486mm,-52.5251mm,Top,0
C11_2,87.5486mm,-52.5251mm,Top,0
C11_3,123.3486mm,-52.5251mm,Top,0
C11_4,51.7486mm,-88.3251mm,Top,0
C11_5,87.5486mm,-88.3251mm,Top,0
C11_6,123.3486mm,-88.3251mm,Top,0
C12_1,37.3201mm,-47.7697mm,Bottom,180
C12_2,73.1201mm,-47.7697mm,Bottom,180
C12_3,108.9201mm,-47.7697mm,Bottom,180
C12_4,37.3201mm,-83.5697mm,Bottom,180
C12_5,73.1201mm,-83.5697mm,Bottom,180
C12_6,108.9201mm,-83.5697mm,Bottom,180
C13_1,33.4800mm,-53.8500mm,Bottom,0
C13_2,69.2800mm,-53.8500mm,Bottom,0
C13_3,105.0800mm,-53.8500mm,Bottom,0
C13_4,33.4800mm,-89.6500mm,Bottom,0
C13_5,69.2800mm,-89.6500mm,Bottom,0
C13_6,105.0800mm,-89.6500mm,Bottom,0
C14_1,36.1500mm,-53.8500mm,Bottom,180
C14_2,71.9500mm,-53.8500mm,Bottom,180
C14_3,107.7500mm,-53.8500mm,Bottom,180
C14_4,36.1500mm,-89.6500mm,Bottom,180
C14_5,71.9500mm,-89.6500mm,Bottom,180
C14_6,107.7500mm,-89.6500mm,Bottom,180
C15_1,44.2000mm,-54.3500mm,Top,180
C15_2,80.0000mm,-54.3500mm,Top,180
C15_3,115.8000mm,-54.3500mm,Top,180
C15_4,44.2000mm,-90.1500mm,Top,180
C15_5,80.0000mm,-90.1500mm,Top,180
C15_6,115.8000mm,-90.1500mm,Top,180
C16_1,39.1000mm,-56.0500mm,Top,180
C16_2,74.9000mm,-56.0500mm,Top,180
C16_3,110.7000mm,-56.0500mm,Top,180
C16_4,39.1000mm,-91.8500mm,Top,180
C16_5,74.9000mm,-91.8500mm,Top,180
C16_6,110.7000mm,-91.8500mm,Top,180
C17_1,44.3000mm,-56.0500mm,Top,180
C17_2,80.1000mm,-56.0500mm,Top,180
C17_3,115.9000mm,-56.0500mm,Top,180
C17_4,44.3000mm,-91.8500mm,Top,180
C17_5,80.1000mm,-91.8500mm,Top,180
C17_6,115.9000mm,-91.8500mm,Top,180
C18_1,34.9000mm,-56.0500mm,Top,90
C18_2,70.7000mm,-56.0500mm,Top,90
C18_3,106.5000mm,-56.0500mm,Top,90
C18_4,34.9000mm,-91.8500mm,Top,90
C18_5,70.7000mm,-91.8500mm,Top,90
C18_6,106.5000mm,-91.8500mm,Top,90
C19_1,46.9306mm,-52.7252mm,Bottom,90
C19_2,82.7306mm,-52.7252mm,Bottom,90
C19_3,118.5306mm,-52.7252mm,Bottom,90
C19_4,46.9306mm,-88.5252mm,Bottom,90
C19_5,82.7306mm,-88.5252mm,Bottom,90
C19_6,118.5306mm,-88.5252mm,Bottom,90
C20_1,40.7290mm,-46.7195mm,Bottom,90
C20_2,76.5290mm,-46.7195mm,Bottom,90
C20_3,112.3290mm,-46.7195mm,Bottom,90
C20_4,40.7290mm,-82.5195mm,Bottom,90
C20_5,76.5290mm,-82.5195mm,Bottom,90
C20_6,112.3290mm,-82.5195mm,Bottom,90
C21_1,46.1400mm,-54.3858mm,Top,0
C21_2,81.9400mm,-54.3858mm,Top,0
C21_3,117.7400mm,-54.3858mm,Top,0
C21_4,46.1400mm,-90.1858mm,Top,0
C21_5,81.9400mm,-90.1858mm,Top,0
C21_6,117.7400mm,-90.1858mm,Top,0
C22_1,47.9825mm,-52.7997mm,Bottom,90
C22_2,83.7825mm,-52.7997mm,Bottom,90
C22_3,119.5825mm,-52.7997mm,Bottom,90
C22_4,47.9825mm,-88.5997mm,Bottom,90
C22_5,83.7825mm,-88.5997mm,Bottom,90
C22_6,119.5825mm,-88.5997mm,Bottom,90
C23_1,49.7624mm,-35.2950mm,Top,0
C23_2,85.5624mm,-35.2950mm,Top,0
C23_3,121.3624mm,-35.2950mm,Top,0
C23_4,49.7624mm,-71.0950mm,Top,0
C23_5,85.5624mm,-71.0950mm,Top,0
C23_6,121.3624mm,-71.0950mm,Top,0
C24_1,40.8940mm,-43.4799mm,Bottom,90
C24_2,76.6940mm,-43.4799mm,Bottom,90
C24_3,112.4940mm,-43.4799mm,Bottom,90
C24_4,40.8940mm,-79.2799mm,Bottom,90
C24_5,76.6940mm,-79.2799mm,Bottom,90
C24_6,112.4940mm,-79.2799mm,Bottom,90
C25_1,46.8500mm,-49.5200mm,Bottom,270
C25_2,82.6500mm,-49.5200mm,Bottom,270
C25_3,118.4500mm,-49.5200mm,Bottom,270
C25_4,46.8500mm,-85.3200mm,Bottom,270
C25_5,82.6500mm,-85.3200mm,Bottom,270
C25_6,118.4500mm,-85.3200mm,Bottom,270
C26_1,46.8500mm,-44.6500mm,Bottom,90
C26_2,82.6500mm,-44.6500mm,Bottom,90
C26_3,118.4500mm,-44.6500mm,Bottom,90
C26_4,46.8500mm,-80.4500mm,Bottom,90
C26_5,82.6500mm,-80.4500mm,Bottom,90
C26_6,118.4500mm,-80.4500mm,Bottom,90
C27_1,47.3500mm,-40.5000mm,Top,90
C27_2,83.1500mm,-40.5000mm,Top,90
C27_3,118.9500mm,-40.5000mm,Top,90
C27_4,47.3500mm,-76.3000mm,Top,90
C27_5,83.1500mm,-76.3000mm,Top,90
C27_6,118.9500mm,-76.3000mm,Top,90
C28_1,49.0500mm,-49.1000mm,Top,270
C28_2,84.8500mm,-49.1000mm,Top,270
C28_3,120.6500mm,-49.1000mm,Top,270
C28_4,49.0500mm,-84.9000mm,Top,270
C28_5,84.8500mm,-84.9000mm,Top,270
C28_6,120.6500mm,-84.9000mm,Top,270
C29_1,49.0500mm,-38.7000mm,Top,270
C29_2,84.8500mm,-38.7000mm,Top,270
C29_3,120.6500mm,-38.7000mm,Top,270
C29_4,49.0500mm,-74.5000mm,Top,270
C29_5,84.8500mm,-74.5000mm,Top,270
C29_6,120.6500mm,-74.5000mm,Top,270
C30_1,49.0500mm,-43.9000mm,Top,270
C30_2,84.8500mm,-43.9000mm,Top,270
C30_3,120.6500mm,-43.9000mm,Top,270
C30_4,49.0500mm,-79.7000mm,Top,270
C30_5,84.8500mm,-79.7000mm,Top,270
C30_6,120.6500mm,-79.7000mm,Top,270
C31_1,26.8694mm,-35.0748mm,Bottom,270
C31_2,62.6694mm,-35.0748mm,Bottom,270
C31_3,98.4694mm,-35.0748mm,Bottom,270
C31_4,26.8694mm,-70.8748mm,Bottom,270
C31_5,62.6694mm,-70.8748mm,Bottom,270
C31_6,98.4694mm,-70.8748mm,Bottom,270
C32_1,33.0710mm,-41.0805mm,Bottom,270
C32_2,68.8710mm,-41.0805mm,Bottom,270
C32_3,104.6710mm,-41.0805mm,Bottom,270
C32_4,33.0710mm,-76.8805mm,Bottom,270
C32_5,68.8710mm,-76.8805mm,Bottom,270
C32_6,104.6710mm,-76.8805mm,Bottom,270
C33_1,27.6918mm,-33.3994mm,Top,180
C33_2,63.4918mm,-33.3994mm,Top,180
C33_3,99.2918mm,-33.3994mm,Top,180
C33_4,27.6918mm,-69.1994mm,Top,180
C33_5,63.4918mm,-69.1994mm,Top,180
C33_6,99.2918mm,-69.1994mm,Top,180
C34_1,25.8175mm,-35.0003mm,Bottom,270
C34_2,61.6175mm,-35.0003mm,Bottom,270
C34_3,97.4175mm,-35.0003mm,Bottom,270
C34_4,25.8175mm,-70.8003mm,Bottom,270
C34_5,61.6175mm,-70.8003mm,Bottom,270
C34_6,97.4175mm,-70.8003mm,Bottom,270
C35_1,24.0965mm,-52.5050mm,Top,180
C35_2,59.8965mm,-52.5050mm,Top,180
C35_3,95.6965mm,-52.5050mm,Top,180
C35_4,24.0965mm,-88.3050mm,Top,180
C35_5,59.8965mm,-88.3050mm,Top,180
C35_6,95.6965mm,-88.3050mm,Top,180
C36_1,32.9395mm,-44.3201mm,Bottom,270
C36_2,68.7395mm,-44.3201mm,Bottom,270
C36_3,104.5395mm,-44.3201mm,Bottom,270
C36_4,32.9395mm,-80.1201mm,Bottom,270
C36_5,68.7395mm,-80.1201mm,Bottom,270
C36_6,104.5395mm,-80.1201mm,Bottom,270
C37_1,26.9500mm,-38.2800mm,Bottom,90
C37_2,62.7500mm,-38.2800mm,Bottom,90
C37_3,98.5500mm,-38.2800mm,Bottom,90
C37_4,26.9500mm,-74.0800mm,Bottom,90
C37_5,62.7500mm,-74.0800mm,Bottom,90
C37_6,98.5500mm,-74.0800mm,Bottom,90
C38_1,26.9500mm,-43.1500mm,Bottom,270
C38_2,62.7500mm,-43.1500mm,Bottom,270
C38_3,98.5500mm,-43.1500mm,Bottom,270
C38_4,26.9500mm,-78.9500mm,Bottom,270
C38_5,62.7500mm,-78.9500mm,Bottom,270
C38_6,98.5500mm,-78.9500mm,Bottom,270
C39_1,26.4500mm,-47.3000mm,Top,270
C39_2,62.2500mm,-47.3000mm,Top,270
C39_3,98.0500mm,-47.3000mm,Top,270
C39_4,26.4500mm,-83.1000mm,Top,270
C39_5,62.2500mm,-83.1000mm,Top,270
C39_6,98.0500mm,-83.1000mm,Top,270
C40_1,24.7500mm,-38.7000mm,Top,90
C40_2,60.5500mm,-38.7000mm,Top,90
C40_3,96.3500mm,-38.7000mm,Top,90
C40_4,24.7500mm,-74.5000mm,Top,90
C40_5,60.5500mm,-74.5000mm,Top,90
C40_6,96.3500mm,-74.5000mm,Top,90
C41_1,24.7500mm,-49.1000mm,Top,90
C41_2,60.5500mm,-49.1000mm,Top,90
C41_3,96.3500mm,-49.1000mm,Top,90
C41_4,24.7500mm,-84.9000mm,Top,90
C41_5,60.5500mm,-84.9000mm,Top,90
C41_6,96.3500mm,-84.9000mm,Top,90
C42_1,24.7500mm,-43.9000mm,Top,90
C42_2,60.5500mm,-43.9000mm,Top,90
C42_3,96.3500mm,-43.9000mm,Top,90
C42_4,24.7500mm,-79.7000mm,Top,90
C42_5,60.5500mm,-79.7000mm,Top,90
C42_6,96.3500mm,-79.7000mm,Top,90
C43_1,45.7252mm,-33.8694mm,Bottom,0
C43_2,81.5252mm,-33.8694mm,Bottom,0
C43_3,117.3252mm,-33.8694mm,Bottom,0
C43_4,45.7252mm,-69.6694mm,Bottom,0
C43_5,81.5252mm,-69.6694mm,Bottom,0
C43_6,117.3252mm,-69.6694mm,Bottom,0
C44_1,39.7195mm,-40.0710mm,Bottom,0
C44_2,75.5195mm,-40.0710mm,Bottom,0
C44_3,111.3195mm,-40.0710mm,Bottom,0
C44_4,39.7195mm,-75.8710mm,Bottom,0
C44_5,75.5195mm,-75.8710mm,Bottom,0
C44_6,111.3195mm,-75.8710mm,Bottom,0
C45_1,47.4006mm,-34.6918mm,Top,90
C45_2,83.2006mm,-34.6918mm,Top,90
C45_3,119.0006mm,-34.6918mm,Top,90
C45_4,47.4006mm,-70.4918mm,Top,90
C45_5,83.2006mm,-70.4918mm,Top,90
C45_6,119.0006mm,-70.4918mm,Top,90
C46_1,45.7997mm,-32.8175mm,Bottom,0
C46_2,81.5997mm,-32.8175mm,Bottom,0
C46_3,117.3997mm,-32.8175mm,Bottom,0
C46_4,45.7997mm,-68.6175mm,Bottom,0
C46_5,81.5997mm,-68.6175mm,Bottom,0
C46_6,117.3997mm,-68.6175mm,Bottom,0
C47_1,28.2950mm,-31.0376mm,Top,90
C47_2,64.0950mm,-31.0376mm,Top,90
C47_3,99.8950mm,-31.0376mm,Top,90
C47_4,28.2950mm,-66.8376mm,Top,90
C47_5,64.0950mm,-66.8376mm,Top,90
C47_6,99.8950mm,-66.8376mm,Top,90
C48_1,36.4799mm,-40.0303mm,Bottom,0
C48_2,72.2799mm,-40.0303mm,Bottom,0
C48_3,108.0799mm,-40.0303mm,Bottom,0
C48_4,36.4799mm,-75.8303mm,Bottom,0
C48_5,72.2799mm,-75.8303mm,Bottom,0
C48_6,108.0799mm,-75.8303mm,Bottom,0
C49_1,42.5200mm,-33.9500mm,Bottom,180
C49_2,78.3200mm,-33.9500mm,Bottom,180
C49_3,114.1200mm,-33.9500mm,Bottom,180
C49_4,42.5200mm,-69.7500mm,Bottom,180
C49_5,78.3200mm,-69.7500mm,Bottom,180
C49_6,114.1200mm,-69.7500mm,Bottom,180
C50_1,37.6500mm,-33.9500mm,Bottom,0
C50_2,73.4500mm,-33.9500mm,Bottom,0
C50_3,109.2500mm,-33.9500mm,Bottom,0
C50_4,37.6500mm,-69.7500mm,Bottom,0
C50_5,73.4500mm,-69.7500mm,Bottom,0
C50_6,109.2500mm,-69.7500mm,Bottom,0
C51_1,33.5000mm,-33.4500mm,Top,180
C51_2,69.3000mm,-33.4500mm,Top,180
C51_3,105.1000mm,-33.4500mm,Top,180
C51_4,33.5000mm,-69.2500mm,Top,180
C51_5,69.3000mm,-69.2500mm,Top,180
C51_6,105.1000mm,-69.2500mm,Top,180
C52_1,42.1000mm,-31.7500mm,Top,0
C52_2,77.9000mm,-31.7500mm,Top,0
C52_3,113.7000mm,-31.7500mm,Top,0
C52_4,42.1000mm,-67.5500mm,Top,0
C52_5,77.9000mm,-67.5500mm,Top,0
C52_6,113.7000mm,-67.5500mm,Top,0
C53_1,31.7000mm,-31.7500mm,Top,0
C53_2,67.5000mm,-31.7500mm,Top,0
C53_3,103.3000mm,-31.7500mm,Top,0
C53_4,31.7000mm,-67.5500mm,Top,0
C53_5,67.5000mm,-67.5500mm,Top,0
C53_6,103.3000mm,-67.5500mm,Top,0
C54_1,36.9000mm,-31.7500mm,Top,0
C54_2,72.7000mm,-31.7500mm,Top,0
C54_3,108.5000mm,-31.7500mm,Top,0
C54_4,36.9000mm,-67.5500mm,Top,0
C54_5,72.7000mm,-67.5500mm,Top,0
C54_6,108.5000mm,-67.5500mm,Top,0
D1_1,33.8541mm,-47.6355mm,Top,90
D1_2,69.6541mm,-47.6355mm,Top,90
D1_3,105.4541mm,-47.6355mm,Top,90
D1_4,33.8541mm,-83.4355mm,Top,90
D1_5,69.6541mm,-83.4355mm,Top,90
D1_6,105.4541mm,-83.4355mm,Top,90
D2_1,33.5988mm,-54.0808mm,Top,180
D2_2,69.3988mm,-54.0808mm,Top,180
D2_3,105.1988mm,-54.0808mm,Top,180
D2_4,33.5988mm,-89.8808mm,Top,180
D2_5,69.3988mm,-89.8808mm,Top,180
D2_6,105.1988mm,-89.8808mm,Top,180
D3_1,35.8429mm,-53.7500mm,Top,180
D3_2,71.6429mm,-53.7500mm,Top,180
D3_3,107.4429mm,-53.7500mm,Top,180
D3_4,35.8429mm,-89.5500mm,Top,180
D3_5,71.6429mm,-89.5500mm,Top,180
D3_6,107.4429mm,-89.5500mm,Top,180
D4_1,38.9175mm,-54.1559mm,Top,180
D4_2,74.7175mm,-54.1559mm,Top,180
D4_3,110.5175mm,-54.1559mm,Top,180
D4_4,38.9175mm,-89.9559mm,Top,180
D4_5,74.7175mm,-89.9559mm,Top,180
D4_6,110.5175mm,-89.9559mm,Top,180
D5_1,40.6196mm,-46.9459mm,Top,180
D5_2,76.4196mm,-46.9459mm,Top,180
D5_3,112.2196mm,-46.9459mm,Top,180
D5_4,40.6196mm,-82.7459mm,Top,180
D5_5,76.4196mm,-82.7459mm,Top,180
D5_6,112.2196mm,-82.7459mm,Top,180
D6_1,47.2026mm,-46.4098mm,Top,0
D6_2,83.0026mm,-46.4098mm,Top,0
D6_3,118.8026mm,-46.4098mm,Top,0
D6_4,47.2026mm,-82.2098mm,Top,0
D6_5,83.0026mm,-82.2098mm,Top,0
D6_6,118.8026mm,-82.2098mm,Top,0
D7_1,46.7500mm,-43.9606mm,Top,90
D7_2,82.5500mm,-43.9606mm,Top,90
D7_3,118.3500mm,-43.9606mm,Top,90
D7_4,46.7500mm,-79.7606mm,Top,90
D7_5,82.5500mm,-79.7606mm,Top,90
D7_6,118.3500mm,-79.7606mm,Top,90
D8_1,46.6852mm,-42.2330mm,Top,180
D8_2,82.4852mm,-42.2330mm,Top,180
D8_3,118.2852mm,-42.2330mm,Top,180
D8_4,46.6852mm,-78.0330mm,Top,180
D8_5,82.4852mm,-78.0330mm,Top,180
D8_6,118.2852mm,-78.0330mm,Top,180
D9_1,33.1804mm,-40.8541mm,Top,0
D9_2,68.9804mm,-40.8541mm,Top,0
D9_3,104.7804mm,-40.8541mm,Top,0
D9_4,33.1804mm,-76.6541mm,Top,0
D9_5,68.9804mm,-76.6541mm,Top,0
D9_6,104.7804mm,-76.6541mm,Top,0
D10_1,26.5974mm,-41.3902mm,Top,180
D10_2,62.3974mm,-41.3902mm,Top,180
D10_3,98.1974mm,-41.3902mm,Top,180
D10_4,26.5974mm,-77.1902mm,Top,180
D10_5,62.3974mm,-77.1902mm,Top,180
D10_6,98.1974mm,-77.1902mm,Top,180
D11_1,27.0500mm,-43.8394mm,Top,270
D11_2,62.8500mm,-43.8394mm,Top,270
D11_3,98.6500mm,-43.8394mm,Top,270
D11_4,27.0500mm,-79.6394mm,Top,270
D11_5,62.8500mm,-79.6394mm,Top,270
D11_6,98.6500mm,-79.6394mm,Top,270
D12_1,27.1148mm,-45.5670mm,Top,0
D12_2,62.9148mm,-45.5670mm,Top,0
D12_3,98.7148mm,-45.5670mm,Top,0
D12_4,27.1148mm,-81.3670mm,Top,0
D12_5,62.9148mm,-81.3670mm,Top,0
D12_6,98.7148mm,-81.3670mm,Top,0
D13_1,39.9459mm,-40.1804mm,Top,270
D13_2,75.7459mm,-40.1804mm,Top,270
D13_3,111.5459mm,-40.1804mm,Top,270
D13_4,39.9459mm,-75.9804mm,Top,270
D13_5,75.7459mm,-75.9804mm,Top,270
D13_6,111.5459mm,-75.9804mm,Top,270
D14_1,39.4098mm,-33.5974mm,Top,90
D14_2,75.2098mm,-33.5974mm,Top,90
D14_3,111.0098mm,-33.5974mm,Top,90
D14_4,39.4098mm,-69.3974mm,Top,90
D14_5,75.2098mm,-69.3974mm,Top,90
D14_6,111.0098mm,-69.3974mm,Top,90
D15_1,36.9606mm,-34.0500mm,Top,180
D15_2,72.7606mm,-34.0500mm,Top,180
D15_3,108.5606mm,-34.0500mm,Top,180
D15_4,36.9606mm,-69.8500mm,Top,180
D15_5,72.7606mm,-69.8500mm,Top,180
D15_6,108.5606mm,-69.8500mm,Top,180
D16_1,35.2330mm,-34.1148mm,Top,270
D16_2,71.0330mm,-34.1148mm,Top,270
D16_3,106.8330mm,-34.1148mm,Top,270
D16_4,35.2330mm,-69.9148mm,Top,270
D16_5,71.0330mm,-69.9148mm,Top,270
D16_6,106.8330mm,-69.9148mm,Top,270
J_FC_1,36.9000mm,-43.9000mm,Top,90
J_FC_2,72.7000mm,-43.9000mm,Top,90
J_FC_3,108.5000mm,-43.9000mm,Top,90
J_FC_4,36.9000mm,-79.7000mm,Top,90
J_FC_5,72.7000mm,-79.7000mm,Top,90
J_FC_6,108.5000mm,-79.7000mm,Top,90
L1_1,38.8055mm,-43.4519mm,Bottom,270
L1_2,74.6055mm,-43.4519mm,Bottom,270
L1_3,110.4055mm,-43.4519mm,Bottom,270
L1_4,38.8055mm,-79.2519mm,Bottom,270
L1_5,74.6055mm,-79.2519mm,Bottom,270
L1_6,110.4055mm,-79.2519mm,Bottom,270
LED_PWR_1,52.4000mm,-35.3000mm,Bottom,90
LED_PWR_2,88.2000mm,-35.3000mm,Bottom,90
LED_PWR_3,124.0000mm,-35.3000mm,Bottom,90
LED_PWR_4,52.4000mm,-71.1000mm,Bottom,90
LED_PWR_5,88.2000mm,-71.1000mm,Bottom,90
LED_PWR_6,124.0000mm,-71.1000mm,Bottom,90
Q1A_1,33.9000mm,-56.0500mm,Bottom,270
Q1A_2,69.7000mm,-56.0500mm,Bottom,270
Q1A_3,105.5000mm,-56.0500mm,Bottom,270
Q1A_4,33.9000mm,-91.8500mm,Bottom,270
Q1A_5,69.7000mm,-91.8500mm,Bottom,270
Q1A_6,105.5000mm,-91.8500mm,Bottom,270
Q1B_1,39.1000mm,-56.0500mm,Bottom,270
Q1B_2,74.9000mm,-56.0500mm,Bottom,270
Q1B_3,110.7000mm,-56.0500mm,Bottom,270
Q1B_4,39.1000mm,-91.8500mm,Bottom,270
Q1B_5,74.9000mm,-91.8500mm,Bottom,270
Q1B_6,110.7000mm,-91.8500mm,Bottom,270
Q1C_1,44.3000mm,-56.0500mm,Bottom,270
Q1C_2,80.1000mm,-56.0500mm,Bottom,270
Q1C_3,115.9000mm,-56.0500mm,Bottom,270
Q1C_4,44.3000mm,-91.8500mm,Bottom,270
Q1C_5,80.1000mm,-91.8500mm,Bottom,270
Q1C_6,115.9000mm,-91.8500mm,Bottom,270
Q2A_1,49.0500mm,-49.1000mm,Bottom,180
Q2A_2,84.8500mm,-49.1000mm,Bottom,180
Q2A_3,120.6500mm,-49.1000mm,Bottom,180
Q2A_4,49.0500mm,-84.9000mm,Bottom,180
Q2A_5,84.8500mm,-84.9000mm,Bottom,180
Q2A_6,120.6500mm,-84.9000mm,Bottom,180
Q2B_1,49.0500mm,-43.9000mm,Bottom,180
Q2B_2,84.8500mm,-43.9000mm,Bottom,180
Q2B_3,120.6500mm,-43.9000mm,Bottom,180
Q2B_4,49.0500mm,-79.7000mm,Bottom,180
Q2B_5,84.8500mm,-79.7000mm,Bottom,180
Q2B_6,120.6500mm,-79.7000mm,Bottom,180
Q2C_1,49.0500mm,-38.7000mm,Bottom,180
Q2C_2,84.8500mm,-38.7000mm,Bottom,180
Q2C_3,120.6500mm,-38.7000mm,Bottom,180
Q2C_4,49.0500mm,-74.5000mm,Bottom,180
Q2C_5,84.8500mm,-74.5000mm,Bottom,180
Q2C_6,120.6500mm,-74.5000mm,Bottom,180
Q3A_1,24.7500mm,-38.7000mm,Bottom,0
Q3A_2,60.5500mm,-38.7000mm,Bottom,0
Q3A_3,96.3500mm,-38.7000mm,Bottom,0
Q3A_4,24.7500mm,-74.5000mm,Bottom,0
Q3A_5,60.5500mm,-74.5000mm,Bottom,0
Q3A_6,96.3500mm,-74.5000mm,Bottom,0
Q3B_1,24.7500mm,-43.9000mm,Bottom,0
Q3B_2,60.5500mm,-43.9000mm,Bottom,0
Q3B_3,96.3500mm,-43.9000mm,Bottom,0
Q3B_4,24.7500mm,-79.7000mm,Bottom,0
Q3B_5,60.5500mm,-79.7000mm,Bottom,0
Q3B_6,96.3500mm,-79.7000mm,Bottom,0
Q3C_1,24.7500mm,-49.1000mm,Bottom,0
Q3C_2,60.5500mm,-49.1000mm,Bottom,0
Q3C_3,96.3500mm,-49.1000mm,Bottom,0
Q3C_4,24.7500mm,-84.9000mm,Bottom,0
Q3C_5,60.5500mm,-84.9000mm,Bottom,0
Q3C_6,96.3500mm,-84.9000mm,Bottom,0
Q4A_1,42.1000mm,-31.7500mm,Bottom,90
Q4A_2,77.9000mm,-31.7500mm,Bottom,90
Q4A_3,113.7000mm,-31.7500mm,Bottom,90
Q4A_4,42.1000mm,-67.5500mm,Bottom,90
Q4A_5,77.9000mm,-67.5500mm,Bottom,90
Q4A_6,113.7000mm,-67.5500mm,Bottom,90
Q4B_1,36.9000mm,-31.7500mm,Bottom,90
Q4B_2,72.7000mm,-31.7500mm,Bottom,90
Q4B_3,108.5000mm,-31.7500mm,Bottom,90
Q4B_4,36.9000mm,-67.5500mm,Bottom,90
Q4B_5,72.7000mm,-67.5500mm,Bottom,90
Q4B_6,108.5000mm,-67.5500mm,Bottom,90
Q4C_1,31.7000mm,-31.7500mm,Bottom,90
Q4C_2,67.5000mm,-31.7500mm,Bottom,90
Q4C_3,103.3000mm,-31.7500mm,Bottom,90
Q4C_4,31.7000mm,-67.5500mm,Bottom,90
Q4C_5,67.5000mm,-67.5500mm,Bottom,90
Q4C_6,103.3000mm,-67.5500mm,Bottom,90
R1_1,36.5897mm,-42.1688mm,Bottom,270
R1_2,72.3897mm,-42.1688mm,Bottom,270
R1_3,108.1897mm,-42.1688mm,Bottom,270
R1_4,36.5897mm,-77.9688mm,Bottom,270
R1_5,72.3897mm,-77.9688mm,Bottom,270
R1_6,108.1897mm,-77.9688mm,Bottom,270
R2_1,38.1625mm,-46.1648mm,Bottom,180
R2_2,73.9625mm,-46.1648mm,Bottom,180
R2_3,109.7625mm,-46.1648mm,Bottom,180
R2_4,38.1625mm,-81.9648mm,Bottom,180
R2_5,73.9625mm,-81.9648mm,Bottom,180
R2_6,109.7625mm,-81.9648mm,Bottom,180
R3_1,51.3000mm,-35.3000mm,Bottom,90
R3_2,87.1000mm,-35.3000mm,Bottom,90
R3_3,122.9000mm,-35.3000mm,Bottom,90
R3_4,51.3000mm,-71.1000mm,Bottom,90
R3_5,87.1000mm,-71.1000mm,Bottom,90
R3_6,122.9000mm,-71.1000mm,Bottom,90
R4_1,21.2960mm,-41.5729mm,Bottom,180
R4_2,57.0960mm,-41.5729mm,Bottom,180
R4_3,92.8960mm,-41.5729mm,Bottom,180
R4_4,21.2960mm,-77.3729mm,Bottom,180
R4_5,57.0960mm,-77.3729mm,Bottom,180
R4_6,92.8960mm,-77.3729mm,Bottom,180
R5_1,21.3199mm,-52.3948mm,Bottom,0
R5_2,57.1199mm,-52.3948mm,Bottom,0
R5_3,92.9199mm,-52.3948mm,Bottom,0
R5_4,21.3199mm,-88.1948mm,Bottom,0
R5_5,57.1199mm,-88.1948mm,Bottom,0
R5_6,92.9199mm,-88.1948mm,Bottom,0
R6_1,51.2355mm,-53.0223mm,Bottom,0
R6_2,87.0355mm,-53.0223mm,Bottom,0
R6_3,122.8355mm,-53.0223mm,Bottom,0
R6_4,51.2355mm,-88.8223mm,Bottom,0
R6_5,87.0355mm,-88.8223mm,Bottom,0
R6_6,122.8355mm,-88.8223mm,Bottom,0
R7_1,34.3000mm,-59.0500mm,Top,90
R7_2,70.1000mm,-59.0500mm,Top,90
R7_3,105.9000mm,-59.0500mm,Top,90
R7_4,34.3000mm,-94.8500mm,Top,90
R7_5,70.1000mm,-94.8500mm,Top,90
R7_6,105.9000mm,-94.8500mm,Top,90
R8_1,30.5489mm,-46.4869mm,Bottom,180
R8_2,66.3489mm,-46.4869mm,Bottom,180
R8_3,102.1489mm,-46.4869mm,Bottom,180
R8_4,30.5489mm,-82.2869mm,Bottom,180
R8_5,66.3489mm,-82.2869mm,Bottom,180
R8_6,102.1489mm,-82.2869mm,Bottom,180
R9_1,37.5500mm,-59.0500mm,Bottom,90
R9_2,73.3500mm,-59.0500mm,Bottom,90
R9_3,109.1500mm,-59.0500mm,Bottom,90
R9_4,37.5500mm,-94.8500mm,Bottom,90
R9_5,73.3500mm,-94.8500mm,Bottom,90
R9_6,109.1500mm,-94.8500mm,Bottom,90
R10_1,40.8000mm,-59.0500mm,Top,90
R10_2,76.6000mm,-59.0500mm,Top,90
R10_3,112.4000mm,-59.0500mm,Top,90
R10_4,40.8000mm,-94.8500mm,Top,90
R10_5,76.6000mm,-94.8500mm,Top,90
R10_6,112.4000mm,-94.8500mm,Top,90
R11_1,30.5097mm,-46.6879mm,Top,0
R11_2,66.3097mm,-46.6879mm,Top,0
R11_3,102.1097mm,-46.6879mm,Top,0
R11_4,30.5097mm,-82.4879mm,Top,0
R11_5,66.3097mm,-82.4879mm,Top,0
R11_6,102.1097mm,-82.4879mm,Top,0
R12_1,40.6500mm,-59.0500mm,Bottom,90
R12_2,76.4500mm,-59.0500mm,Bottom,90
R12_3,112.2500mm,-59.0500mm,Bottom,90
R12_4,40.6500mm,-94.8500mm,Bottom,90
R12_5,76.4500mm,-94.8500mm,Bottom,90
R12_6,112.2500mm,-94.8500mm,Bottom,90
R13_1,42.6000mm,-59.0500mm,Top,90
R13_2,78.4000mm,-59.0500mm,Top,90
R13_3,114.2000mm,-59.0500mm,Top,90
R13_4,42.6000mm,-94.8500mm,Top,90
R13_5,78.4000mm,-94.8500mm,Top,90
R13_6,114.2000mm,-94.8500mm,Top,90
R14_1,27.9722mm,-54.1620mm,Top,0
R14_2,63.7722mm,-54.1620mm,Top,0
R14_3,99.5722mm,-54.1620mm,Top,0
R14_4,27.9722mm,-89.9620mm,Top,0
R14_5,63.7722mm,-89.9620mm,Top,0
R14_6,99.5722mm,-89.9620mm,Top,0
R15_1,46.0000mm,-59.0500mm,Top,90
R15_2,81.8000mm,-59.0500mm,Top,90
R15_3,117.6000mm,-59.0500mm,Top,90
R15_4,46.0000mm,-94.8500mm,Top,90
R15_5,81.8000mm,-94.8500mm,Top,90
R15_6,117.6000mm,-94.8500mm,Top,90
R16_1,27.7622mm,-47.1485mm,Top,90
R16_2,63.5622mm,-47.1485mm,Top,90
R16_3,99.3622mm,-47.1485mm,Top,90
R16_4,27.7622mm,-82.9485mm,Top,90
R16_5,63.5622mm,-82.9485mm,Top,90
R16_6,99.3622mm,-82.9485mm,Top,90
R17_1,49.3275mm,-34.8107mm,Bottom,0
R17_2,85.1275mm,-34.8107mm,Bottom,0
R17_3,120.9275mm,-34.8107mm,Bottom,0
R17_4,49.3275mm,-70.6107mm,Bottom,0
R17_5,85.1275mm,-70.6107mm,Bottom,0
R17_6,120.9275mm,-70.6107mm,Bottom,0
R18_1,52.0500mm,-50.7900mm,Top,180
R18_2,87.8500mm,-50.7900mm,Top,180
R18_3,123.6500mm,-50.7900mm,Top,180
R18_4,52.0500mm,-86.5900mm,Top,180
R18_5,87.8500mm,-86.5900mm,Top,180
R18_6,123.6500mm,-86.5900mm,Top,180
R19_1,39.4869mm,-50.2511mm,Bottom,90
R19_2,75.2869mm,-50.2511mm,Bottom,90
R19_3,111.0869mm,-50.2511mm,Bottom,90
R19_4,39.4869mm,-86.0511mm,Bottom,90
R19_5,75.2869mm,-86.0511mm,Bottom,90
R19_6,111.0869mm,-86.0511mm,Bottom,90
R20_1,52.0500mm,-47.4100mm,Top,180
R20_2,87.8500mm,-47.4100mm,Top,180
R20_3,123.6500mm,-47.4100mm,Top,180
R20_4,52.0500mm,-83.2100mm,Top,180
R20_5,87.8500mm,-83.2100mm,Top,180
R20_6,123.6500mm,-83.2100mm,Top,180
R21_1,52.0500mm,-42.2100mm,Top,180
R21_2,87.8500mm,-42.2100mm,Top,180
R21_3,123.6500mm,-42.2100mm,Top,180
R21_4,52.0500mm,-78.0100mm,Top,180
R21_5,87.8500mm,-78.0100mm,Top,180
R21_6,123.6500mm,-78.0100mm,Top,180
R22_1,39.8500mm,-50.2903mm,Top,90
R22_2,75.6500mm,-50.2903mm,Top,90
R22_3,111.4500mm,-50.2903mm,Top,90
R22_4,39.8500mm,-86.0903mm,Top,90
R22_5,75.6500mm,-86.0903mm,Top,90
R22_6,111.4500mm,-86.0903mm,Top,90
R23_1,52.0500mm,-45.5900mm,Top,180
R23_2,87.8500mm,-45.5900mm,Top,180
R23_3,123.6500mm,-45.5900mm,Top,180
R23_4,52.0500mm,-81.3900mm,Top,180
R23_5,87.8500mm,-81.3900mm,Top,180
R23_6,123.6500mm,-81.3900mm,Top,180
R24_1,52.0500mm,-37.0100mm,Top,180
R24_2,87.8500mm,-37.0100mm,Top,180
R24_3,123.6500mm,-37.0100mm,Top,180
R24_4,52.0500mm,-72.8100mm,Top,180
R24_5,87.8500mm,-72.8100mm,Top,180
R24_6,123.6500mm,-72.8100mm,Top,180
R25_1,47.1620mm,-52.8278mm,Top,90
R25_2,82.9620mm,-52.8278mm,Top,90
R25_3,118.7620mm,-52.8278mm,Top,90
R25_4,47.1620mm,-88.6278mm,Top,90
R25_5,82.9620mm,-88.6278mm,Top,90
R25_6,118.7620mm,-88.6278mm,Top,90
R26_1,52.0500mm,-40.3900mm,Top,180
R26_2,87.8500mm,-40.3900mm,Top,180
R26_3,123.6500mm,-40.3900mm,Top,180
R26_4,52.0500mm,-76.1900mm,Top,180
R26_5,87.8500mm,-76.1900mm,Top,180
R26_6,123.6500mm,-76.1900mm,Top,180
R27_1,40.1485mm,-53.0378mm,Top,180
R27_2,75.9485mm,-53.0378mm,Top,180
R27_3,111.7485mm,-53.0378mm,Top,180
R27_4,40.1485mm,-88.8378mm,Top,180
R27_5,75.9485mm,-88.8378mm,Top,180
R27_6,111.7485mm,-88.8378mm,Top,180
R28_1,24.4725mm,-52.9893mm,Bottom,180
R28_2,60.2725mm,-52.9893mm,Bottom,180
R28_3,96.0725mm,-52.9893mm,Bottom,180
R28_4,24.4725mm,-88.7893mm,Bottom,180
R28_5,60.2725mm,-88.7893mm,Bottom,180
R28_6,96.0725mm,-88.7893mm,Bottom,180
R29_1,21.7500mm,-37.0100mm,Top,0
R29_2,57.5500mm,-37.0100mm,Top,0
R29_3,93.3500mm,-37.0100mm,Top,0
R29_4,21.7500mm,-72.8100mm,Top,0
R29_5,57.5500mm,-72.8100mm,Top,0
R29_6,93.3500mm,-72.8100mm,Top,0
R30_1,34.3131mm,-37.5489mm,Bottom,270
R30_2,70.1131mm,-37.5489mm,Bottom,270
R30_3,105.9131mm,-37.5489mm,Bottom,270
R30_4,34.3131mm,-73.3489mm,Bottom,270
R30_5,70.1131mm,-73.3489mm,Bottom,270
R30_6,105.9131mm,-73.3489mm,Bottom,270
R31_1,21.7500mm,-40.3900mm,Top,0
R31_2,57.5500mm,-40.3900mm,Top,0
R31_3,93.3500mm,-40.3900mm,Top,0
R31_4,21.7500mm,-76.1900mm,Top,0
R31_5,57.5500mm,-76.1900mm,Top,0
R31_6,93.3500mm,-76.1900mm,Top,0
R32_1,21.7500mm,-45.5900mm,Top,0
R32_2,57.5500mm,-45.5900mm,Top,0
R32_3,93.3500mm,-45.5900mm,Top,0
R32_4,21.7500mm,-81.3900mm,Top,0
R32_5,57.5500mm,-81.3900mm,Top,0
R32_6,93.3500mm,-81.3900mm,Top,0
R33_1,34.1121mm,-37.5097mm,Top,270
R33_2,69.9121mm,-37.5097mm,Top,270
R33_3,105.7121mm,-37.5097mm,Top,270
R33_4,34.1121mm,-73.3097mm,Top,270
R33_5,69.9121mm,-73.3097mm,Top,270
R33_6,105.7121mm,-73.3097mm,Top,270
R34_1,21.7500mm,-42.2100mm,Top,0
R34_2,57.5500mm,-42.2100mm,Top,0
R34_3,93.3500mm,-42.2100mm,Top,0
R34_4,21.7500mm,-78.0100mm,Top,0
R34_5,57.5500mm,-78.0100mm,Top,0
R34_6,93.3500mm,-78.0100mm,Top,0
R35_1,21.7500mm,-50.7900mm,Top,0
R35_2,57.5500mm,-50.7900mm,Top,0
R35_3,93.3500mm,-50.7900mm,Top,0
R35_4,21.7500mm,-86.5900mm,Top,0
R35_5,57.5500mm,-86.5900mm,Top,0
R35_6,93.3500mm,-86.5900mm,Top,0
R36_1,26.6380mm,-34.9722mm,Top,270
R36_2,62.4380mm,-34.9722mm,Top,270
R36_3,98.2380mm,-34.9722mm,Top,270
R36_4,26.6380mm,-70.7722mm,Top,270
R36_5,62.4380mm,-70.7722mm,Top,270
R36_6,98.2380mm,-70.7722mm,Top,270
R37_1,21.7500mm,-47.4100mm,Top,0
R37_2,57.5500mm,-47.4100mm,Top,0
R37_3,93.3500mm,-47.4100mm,Top,0
R37_4,21.7500mm,-83.2100mm,Top,0
R37_5,57.5500mm,-83.2100mm,Top,0
R37_6,93.3500mm,-83.2100mm,Top,0
R38_1,33.6515mm,-34.7622mm,Top,0
R38_2,69.4515mm,-34.7622mm,Top,0
R38_3,105.2515mm,-34.7622mm,Top,0
R38_4,33.6515mm,-70.5622mm,Top,0
R38_5,69.4515mm,-70.5622mm,Top,0
R38_6,105.2515mm,-70.5622mm,Top,0
R39_1,27.8107mm,-31.4725mm,Bottom,270
R39_2,63.6107mm,-31.4725mm,Bottom,270
R39_3,99.4107mm,-31.4725mm,Bottom,270
R39_4,27.8107mm,-67.2725mm,Bottom,270
R39_5,63.6107mm,-67.2725mm,Bottom,270
R39_6,99.4107mm,-67.2725mm,Bottom,270
R40_1,43.7900mm,-28.7500mm,Top,270
R40_2,79.5900mm,-28.7500mm,Top,270
R40_3,115.3900mm,-28.7500mm,Top,270
R40_4,43.7900mm,-64.5500mm,Top,270
R40_5,79.5900mm,-64.5500mm,Top,270
R40_6,115.3900mm,-64.5500mm,Top,270
R41_1,43.2511mm,-41.3131mm,Bottom,0
R41_2,79.0511mm,-41.3131mm,Bottom,0
R41_3,114.8511mm,-41.3131mm,Bottom,0
R41_4,43.2511mm,-77.1131mm,Bottom,0
R41_5,79.0511mm,-77.1131mm,Bottom,0
R41_6,114.8511mm,-77.1131mm,Bottom,0
R42_1,40.4100mm,-28.7500mm,Top,270
R42_2,76.2100mm,-28.7500mm,Top,270
R42_3,112.0100mm,-28.7500mm,Top,270
R42_4,40.4100mm,-64.5500mm,Top,270
R42_5,76.2100mm,-64.5500mm,Top,270
R42_6,112.0100mm,-64.5500mm,Top,270
R43_1,35.2100mm,-28.7500mm,Top,270
R43_2,71.0100mm,-28.7500mm,Top,270
R43_3,106.8100mm,-28.7500mm,Top,270
R43_4,35.2100mm,-64.5500mm,Top,270
R43_5,71.0100mm,-64.5500mm,Top,270
R43_6,106.8100mm,-64.5500mm,Top,270
R44_1,43.2903mm,-41.1121mm,Top,180
R44_2,79.0903mm,-41.1121mm,Top,180
R44_3,114.8903mm,-41.1121mm,Top,180
R44_4,43.2903mm,-76.9121mm,Top,180
R44_5,79.0903mm,-76.9121mm,Top,180
R44_6,114.8903mm,-76.9121mm,Top,180
R45_1,38.5900mm,-28.7500mm,Top,270
R45_2,74.3900mm,-28.7500mm,Top,270
R45_3,110.1900mm,-28.7500mm,Top,270
R45_4,38.5900mm,-64.5500mm,Top,270
R45_5,74.3900mm,-64.5500mm,Top,270
R45_6,110.1900mm,-64.5500mm,Top,270
R46_1,30.0100mm,-28.7500mm,Top,270
R46_2,65.8100mm,-28.7500mm,Top,270
R46_3,101.6100mm,-28.7500mm,Top,270
R46_4,30.0100mm,-64.5500mm,Top,270
R46_5,65.8100mm,-64.5500mm,Top,270
R46_6,101.6100mm,-64.5500mm,Top,270
R47_1,45.8278mm,-33.6380mm,Top,180
R47_2,81.6278mm,-33.6380mm,Top,180
R47_3,117.4278mm,-33.6380mm,Top,180
R47_4,45.8278mm,-69.4380mm,Top,180
R47_5,81.6278mm,-69.4380mm,Top,180
R47_6,117.4278mm,-69.4380mm,Top,180
R48_1,33.3900mm,-28.7500mm,Top,270
R48_2,69.1900mm,-28.7500mm,Top,270
R48_3,104.9900mm,-28.7500mm,Top,270
R48_4,33.3900mm,-64.5500mm,Top,270
R48_5,69.1900mm,-64.5500mm,Top,270
R48_6,104.9900mm,-64.5500mm,Top,270
R49_1,46.0378mm,-40.6515mm,Top,270
R49_2,81.8378mm,-40.6515mm,Top,270
R49_3,117.6378mm,-40.6515mm,Top,270
R49_4,46.0378mm,-76.4515mm,Top,270
R49_5,81.8378mm,-76.4515mm,Top,270
R49_6,117.6378mm,-76.4515mm,Top,270
U_BUCK_1,35.3055mm,-44.8019mm,Bottom,270
U_BUCK_2,71.1055mm,-44.8019mm,Bottom,270
U_BUCK_3,106.9055mm,-44.8019mm,Bottom,270
U_BUCK_4,35.3055mm,-80.6019mm,Bottom,270
U_BUCK_5,71.1055mm,-80.6019mm,Bottom,270
U_BUCK_6,106.9055mm,-80.6019mm,Bottom,270
U_ESC1_1,30.0000mm,-50.3000mm,Bottom,90
U_ESC1_2,65.8000mm,-50.3000mm,Bottom,90
U_ESC1_3,101.6000mm,-50.3000mm,Bottom,90
U_ESC1_4,30.0000mm,-86.1000mm,Bottom,90
U_ESC1_5,65.8000mm,-86.1000mm,Bottom,90
U_ESC1_6,101.6000mm,-86.1000mm,Bottom,90
U_ESC2_1,43.3000mm,-50.8000mm,Bottom,0
U_ESC2_2,79.1000mm,-50.8000mm,Bottom,0
U_ESC2_3,114.9000mm,-50.8000mm,Bottom,0
U_ESC2_4,43.3000mm,-86.6000mm,Bottom,0
U_ESC2_5,79.1000mm,-86.6000mm,Bottom,0
U_ESC2_6,114.9000mm,-86.6000mm,Bottom,0
U_ESC3_1,30.5000mm,-37.0000mm,Bottom,180
U_ESC3_2,66.3000mm,-37.0000mm,Bottom,180
U_ESC3_3,102.1000mm,-37.0000mm,Bottom,180
U_ESC3_4,30.5000mm,-72.8000mm,Bottom,180
U_ESC3_5,66.3000mm,-72.8000mm,Bottom,180
U_ESC3_6,102.1000mm,-72.8000mm,Bottom,180
U_ESC4_1,43.8000mm,-37.5000mm,Bottom,270
U_ESC4_2,79.6000mm,-37.5000mm,Bottom,270
U_ESC4_3,115.4000mm,-37.5000mm,Bottom,270
U_ESC4_4,43.8000mm,-73.3000mm,Bottom,270
U_ESC4_5,79.6000mm,-73.3000mm,Bottom,270
U_ESC4_6,115.4000mm,-73.3000mm,Bottom,270
U_GD1_1,36.4000mm,-50.8000mm,Bottom,270
U_GD1_2,72.2000mm,-50.8000mm,Bottom,270
U_GD1_3,108.0000mm,-50.8000mm,Bottom,270
U_GD1_4,36.4000mm,-86.6000mm,Bottom,270
U_GD1_5,72.2000mm,-86.6000mm,Bottom,270
U_GD1_6,108.0000mm,-86.6000mm,Bottom,270
U_GD2_1,43.8000mm,-44.4000mm,Bottom,180
U_GD2_2,79.6000mm,-44.4000mm,Bottom,180
U_GD2_3,115.4000mm,-44.4000mm,Bottom,180
U_GD2_4,43.8000mm,-80.2000mm,Bottom,180
U_GD2_5,79.6000mm,-80.2000mm,Bottom,180
U_GD2_6,115.4000mm,-80.2000mm,Bottom,180
U_GD3_1,30.0000mm,-43.4000mm,Bottom,0
U_GD3_2,65.8000mm,-43.4000mm,Bottom,0
U_GD3_3,101.6000mm,-43.4000mm,Bottom,0
U_GD3_4,30.0000mm,-79.2000mm,Bottom,0
U_GD3_5,65.8000mm,-79.2000mm,Bottom,0
U_GD3_6,101.6000mm,-79.2000mm,Bottom,0
U_GD4_1,37.4000mm,-37.0000mm,Bottom,90
U_GD4_2,73.2000mm,-37.0000mm,Bottom,90
U_GD4_3,109.0000mm,-37.0000mm,Bottom,90
U_GD4_4,37.4000mm,-72.8000mm,Bottom,90
U_GD4_5,73.2000mm,-72.8000mm,Bottom,90
U_GD4_6,109.0000mm,-72.8000mm,Bottom,90
