Item #,Designator,Qty,Manufacturer Part Number,Description,Value,Package/Footprint,Type,LCSC Part #,Side
1,"R1_1,R1_2,R1_3,R1_4,R1_5,R1_6,R2_1,R2_2,R2_3,R2_4,R2_5,R2_6,R3_1,R3_2,R3_3,R3_4,R3_5,R3_6,R4_1,R4_2,R4_3,R4_4,R4_5,R4_6,R10_1,R10_2,R10_3,R10_4,R10_5,R10_6,R15_1,R15_2,R15_3,R15_4,R15_5,R15_6,R20_1,R20_2,R20_3,R20_4,R20_5,R20_6,R25_1,R25_2,R25_3,R25_4,R25_5,R25_6,R31_1,R31_2,R31_3,R31_4,R31_5,R31_6,R36_1,R36_2,R36_3,R36_4,R36_5,R36_6,R41_1,R41_2,R41_3,R41_4,R41_5,R41_6,R47_1,R47_2,R47_3,R47_4,R47_5,R47_6,R52_1,R52_2,R52_3,R52_4,R52_5,R52_6,R57_1,R57_2,R57_3,R57_4,R57_5,R57_6,R63_1,R63_2,R63_3,R63_4,R63_5,R63_6,R68_1,R68_2,R68_3,R68_4,R68_5,R68_6,R73_1,R73_2,R73_3,R73_4,R73_5,R73_6",102,RC0201FR-0710KL,Resistor 10k 1% 0201,10k,R_0201_0603Metric,SMD,C106225,Bottom+Top
2,"R11_1,R11_2,R11_3,R11_4,R11_5,R11_6,R12_1,R12_2,R12_3,R12_4,R12_5,R12_6,R16_1,R16_2,R16_3,R16_4,R16_5,R16_6,R17_1,R17_2,R17_3,R17_4,R17_5,R17_6,R21_1,R21_2,R21_3,R21_4,R21_5,R21_6,R22_1,R22_2,R22_3,R22_4,R22_5,R22_6,R27_1,R27_2,R27_3,R27_4,R27_5,R27_6,R28_1,R28_2,R28_3,R28_4,R28_5,R28_6,R32_1,R32_2,R32_3,R32_4,R32_5,R32_6,R33_1,R33_2,R33_3,R33_4,R33_5,R33_6,R37_1,R37_2,R37_3,R37_4,R37_5,R37_6,R38_1,R38_2,R38_3,R38_4,R38_5,R38_6,R43_1,R43_2,R43_3,R43_4,R43_5,R43_6,R44_1,R44_2,R44_3,R44_4,R44_5,R44_6,R48_1,R48_2,R48_3,R48_4,R48_5,R48_6,R49_1,R49_2,R49_3,R49_4,R49_5,R49_6,R53_1,R53_2,R53_3,R53_4,R53_5,R53_6,R54_1,R54_2,R54_3,R54_4,R54_5,R54_6,R59_1,R59_2,R59_3,R59_4,R59_5,R59_6,R60_1,R60_2,R60_3,R60_4,R60_5,R60_6,R64_1,R64_2,R64_3,R64_4,R64_5,R64_6,R65_1,R65_2,R65_3,R65_4,R65_5,R65_6,R69_1,R69_2,R69_3,R69_4,R69_5,R69_6,R70_1,R70_2,R70_3,R70_4,R70_5,R70_6",144,RC0201FR-0710RL,Resistor 10R 1% 0201,10R,R_0201_0603Metric,SMD,C106226,Bottom+Top
3,"R8_1,R8_2,R8_3,R8_4,R8_5,R8_6",6,0402WGF1022TCE,Resistor 10.2k 1% 0402,10.2k,R_0402_1005Metric,SMD,C11660,Bottom
4,"LED_PWR_1,LED_PWR_2,LED_PWR_3,LED_PWR_4,LED_PWR_5,LED_PWR_6",6,LTST-C191KRKT,LED red 0603,RED,LED0603-RD,SMD,C125099,Top
5,"L1_1,L1_2,L1_3,L1_4,L1_5,L1_6",6,NRS4018T330MDGJV,"Inductor 33 uH Isat 0.7 A, 4 x 4 mm shielded",33uH,IND-SMD_L4.0-W4.0,SMD,C1329473,Bottom
6,"R5_1,R5_2,R5_3,R5_4,R5_5,R5_6,R26_1,R26_2,R26_3,R26_4,R26_5,R26_6,R42_1,R42_2,R42_3,R42_4,R42_5,R42_6,R58_1,R58_2,R58_3,R58_4,R58_5,R58_6,R74_1,R74_2,R74_3,R74_4,R74_5,R74_6",30,RC0201FR-071KL,Resistor 1k 1% 0201,1k,R_0201_0603Metric,SMD,C138165,Bottom
7,"C4_1,C4_2,C4_3,C4_4,C4_5,C4_6",6,CL21A106KAYNNNE,Capacitor 10uF 25V X5R 0805,10uF,C_0805_2012Metric,SMD,C15850,Top
8,"J_FC_1,J_FC_2,J_FC_3,J_FC_4,J_FC_5,J_FC_6",6,BM08B-SRSS-TB(LF)(SN),JST SH 8-pin vertical SMD,SH-8P V,CONN-TH_BM08B-SRSS-TB-LF-SN,SMD,C160394,Top
9,"U_CS1_1,U_CS1_2,U_CS1_3,U_CS1_4,U_CS1_5,U_CS1_6,U_CS2_1,U_CS2_2,U_CS2_3,U_CS2_4,U_CS2_5,U_CS2_6,U_CS3_1,U_CS3_2,U_CS3_3,U_CS3_4,U_CS3_5,U_CS3_6,U_CS4_1,U_CS4_2,U_CS4_3,U_CS4_4,U_CS4_5,U_CS4_6",24,INA186A3IDCKR,"Current-sense amp 100 V/V, SC-70-6",INA186A3,SC-70-6_L2.0-W1.3-P0.65-LS2.1-BL,SMD,C2058245,Top
10,"R6_1,R6_2,R6_3,R6_4,R6_5,R6_6",6,0402WGF220JTCE,Resistor 22R 1% 0402,22R,R_0402_1005Metric,SMD,C25092,Top
11,"R9_1,R9_2,R9_3,R9_4,R9_5,R9_6",6,0402WGF1003TCE,Resistor 100k 1% 0402,100k,R_0402_1005Metric,SMD,C25741,Top
12,"R13_1,R13_2,R13_3,R13_4,R13_5,R13_6,R18_1,R18_2,R18_3,R18_4,R18_5,R18_6,R23_1,R23_2,R23_3,R23_4,R23_5,R23_6,R29_1,R29_2,R29_3,R29_4,R29_5,R29_6,R34_1,R34_2,R34_3,R34_4,R34_5,R34_6,R39_1,R39_2,R39_3,R39_4,R39_5,R39_6,R45_1,R45_2,R45_3,R45_4,R45_5,R45_6,R50_1,R50_2,R50_3,R50_4,R50_5,R50_6,R55_1,R55_2,R55_3,R55_4,R55_5,R55_6,R61_1,R61_2,R61_3,R61_4,R61_5,R61_6,R66_1,R66_2,R66_3,R66_4,R66_5,R66_6,R71_1,R71_2,R71_3,R71_4,R71_5,R71_6",72,0402WGF2002TCE,Resistor 20k 1% 0402,20k,R_0402_1005Metric,SMD,C25765,Bottom
13,"R7_1,R7_2,R7_3,R7_4,R7_5,R7_6",6,0402WGF8872TCE,Resistor 88.7k 1% 0402,88.7k,R_0402_1005Metric,SMD,C25922,Bottom
14,"U_BUCK_1,U_BUCK_2,U_BUCK_3,U_BUCK_4,U_BUCK_5,U_BUCK_6",6,MAX15062AATA+T,"Buck 60 V in, 3.3 V fixed, 300 mA, TDFN-8 2x2",MAX15062A 3.3V,TDFN-8_L2.0-W2.0-P0.50-BL_MAX15062AATA,SMD,C2846801,Top
15,"U_GVDD_1,U_GVDD_2,U_GVDD_3,U_GVDD_4,U_GVDD_5,U_GVDD_6",6,TPS7A1601DRBR,"LDO 60 V in, 100 mA, adjustable (1.169 V ref), VSON-8 3x3",TPS7A1601,VSON-8-1EP_3x3mm_P0.65mm_EP1.65x2.4mm,SMD,C2867753,Top
16,"C1_1,C1_2,C1_3,C1_4,C1_5,C1_6,C7_1,C7_2,C7_3,C7_4,C7_5,C7_6,C8_1,C8_2,C8_3,C8_4,C8_5,C8_6,C9_1,C9_2,C9_3,C9_4,C9_5,C9_6,C11_1,C11_2,C11_3,C11_4,C11_5,C11_6,C18_1,C18_2,C18_3,C18_4,C18_5,C18_6,C19_1,C19_2,C19_3,C19_4,C19_5,C19_6,C20_1,C20_2,C20_3,C20_4,C20_5,C20_6,C21_1,C21_2,C21_3,C21_4,C21_5,C21_6,C23_1,C23_2,C23_3,C23_4,C23_5,C23_6,C30_1,C30_2,C30_3,C30_4,C30_5,C30_6,C31_1,C31_2,C31_3,C31_4,C31_5,C31_6,C32_1,C32_2,C32_3,C32_4,C32_5,C32_6,C33_1,C33_2,C33_3,C33_4,C33_5,C33_6,C35_1,C35_2,C35_3,C35_4,C35_5,C35_6,C42_1,C42_2,C42_3,C42_4,C42_5,C42_6,C43_1,C43_2,C43_3,C43_4,C43_5,C43_6,C44_1,C44_2,C44_3,C44_4,C44_5,C44_6,C45_1,C45_2,C45_3,C45_4,C45_5,C45_6,C47_1,C47_2,C47_3,C47_4,C47_5,C47_6,C54_1,C54_2,C54_3,C54_4,C54_5,C54_6,C55_1,C55_2,C55_3,C55_4,C55_5,C55_6",132,CL05B104KB54PNC,Capacitor 100nF 50V X7R 0402,100nF,C_0402_1005Metric,SMD,C307331,Bottom+Top
17,"C12_1,C12_2,C12_3,C12_4,C12_5,C12_6,C14_1,C14_2,C14_3,C14_4,C14_5,C14_6,C16_1,C16_2,C16_3,C16_4,C16_5,C16_6,C24_1,C24_2,C24_3,C24_4,C24_5,C24_6,C26_1,C26_2,C26_3,C26_4,C26_5,C26_6,C28_1,C28_2,C28_3,C28_4,C28_5,C28_6,C36_1,C36_2,C36_3,C36_4,C36_5,C36_6,C38_1,C38_2,C38_3,C38_4,C38_5,C38_6,C40_1,C40_2,C40_3,C40_4,C40_5,C40_6,C48_1,C48_2,C48_3,C48_4,C48_5,C48_6,C50_1,C50_2,C50_3,C50_4,C50_5,C50_6,C52_1,C52_2,C52_3,C52_4,C52_5,C52_6",72,CL03A105MO3NRNC,Capacitor 1uF 16V X5R 0201,1uF,C_0201_0603Metric,SMD,C318540,Top
18,"R14_1,R14_2,R14_3,R14_4,R14_5,R14_6,R19_1,R19_2,R19_3,R19_4,R19_5,R19_6,R24_1,R24_2,R24_3,R24_4,R24_5,R24_6,R30_1,R30_2,R30_3,R30_4,R30_5,R30_6,R35_1,R35_2,R35_3,R35_4,R35_5,R35_6,R40_1,R40_2,R40_3,R40_4,R40_5,R40_6,R46_1,R46_2,R46_3,R46_4,R46_5,R46_6,R51_1,R51_2,R51_3,R51_4,R51_5,R51_6,R56_1,R56_2,R56_3,R56_4,R56_5,R56_6,R62_1,R62_2,R62_3,R62_4,R62_5,R62_6,R67_1,R67_2,R67_3,R67_4,R67_5,R67_6,R72_1,R72_2,R72_3,R72_4,R72_5,R72_6",72,RC0201FR-072KL,Resistor 2k 1% 0201,2k,R_0201_0603Metric,SMD,C327392,Bottom
19,"R_SH1_1,R_SH1_2,R_SH1_3,R_SH1_4,R_SH1_5,R_SH1_6,R_SH2_1,R_SH2_2,R_SH2_3,R_SH2_4,R_SH2_5,R_SH2_6,R_SH3_1,R_SH3_2,R_SH3_3,R_SH3_4,R_SH3_5,R_SH3_6,R_SH4_1,R_SH4_2,R_SH4_3,R_SH4_4,R_SH4_5,R_SH4_6",24,HCS1206FTL500,Current shunt 0.5 mOhm 1% 2 W 1206,0.5mR,RES-SMD_1206_HCS1206,SMD,C346511,Bottom
20,"U_GD1_1,U_GD1_2,U_GD1_3,U_GD1_4,U_GD1_5,U_GD1_6,U_GD2_1,U_GD2_2,U_GD2_3,U_GD2_4,U_GD2_5,U_GD2_6,U_GD3_1,U_GD3_2,U_GD3_3,U_GD3_4,U_GD3_5,U_GD3_6,U_GD4_1,U_GD4_2,U_GD4_3,U_GD4_4,U_GD4_5,U_GD4_6",24,DRV8300DRGER,"100 V 3-phase gate driver, bootstrap diodes, VQFN-24 4x4",DRV8300DRGER,VQFN-24_L4.0-W4.0-P0.50-TL-EP2.5,SMD,C3655801,Bottom
21,"C6_1,C6_2,C6_3,C6_4,C6_5,C6_6,C13_1,C13_2,C13_3,C13_4,C13_5,C13_6,C15_1,C15_2,C15_3,C15_4,C15_5,C15_6,C17_1,C17_2,C17_3,C17_4,C17_5,C17_6,C25_1,C25_2,C25_3,C25_4,C25_5,C25_6,C27_1,C27_2,C27_3,C27_4,C27_5,C27_6,C29_1,C29_2,C29_3,C29_4,C29_5,C29_6,C37_1,C37_2,C37_3,C37_4,C37_5,C37_6,C39_1,C39_2,C39_3,C39_4,C39_5,C39_6,C41_1,C41_2,C41_3,C41_4,C41_5,C41_6,C49_1,C49_2,C49_3,C49_4,C49_5,C49_6,C51_1,C51_2,C51_3,C51_4,C51_5,C51_6,C53_1,C53_2,C53_3,C53_4,C53_5,C53_6",78,GRM21BZ71H475KE15L,Capacitor 4.7uF 50V X7R 0805,4.7uF,C_0805_2012Metric,SMD,C437557,Bottom+Top
22,"C3_1,C3_2,C3_3,C3_4,C3_5,C3_6,C10_1,C10_2,C10_3,C10_4,C10_5,C10_6,C22_1,C22_2,C22_3,C22_4,C22_5,C22_6,C34_1,C34_2,C34_3,C34_4,C34_5,C34_6,C46_1,C46_2,C46_3,C46_4,C46_5,C46_6",30,CL05A105KA5NQNC,Capacitor 1uF 25V X5R 0402,1uF,C_0402_1005Metric,SMD,C52923,Bottom+Top
23,"U_ESC1_1,U_ESC1_2,U_ESC1_3,U_ESC1_4,U_ESC1_5,U_ESC1_6,U_ESC2_1,U_ESC2_2,U_ESC2_3,U_ESC2_4,U_ESC2_5,U_ESC2_6,U_ESC3_1,U_ESC3_2,U_ESC3_3,U_ESC3_4,U_ESC3_5,U_ESC3_6,U_ESC4_1,U_ESC4_2,U_ESC4_3,U_ESC4_4,U_ESC4_5,U_ESC4_6",24,STM32G071GBU6,"ESC MCU Cortex-M0+ 64 MHz 128 KB, UFQFPN-28 4x4 (alt. STM32G071G8U6 C724080)",STM32G071GBU6,UFQFPN-28_L4.0-W4.0-P0.50-BL,SMD,C529347,Bottom
24,"C2_1,C2_2,C2_3,C2_4,C2_5,C2_6,C5_1,C5_2,C5_3,C5_4,C5_5,C5_6",12,CC0805KKX7R0BB105,Capacitor 1uF 100V X7R 0805,1uF,C_0805_2012Metric,SMD,C5370002,Top
25,"Q1AH_1,Q1AH_2,Q1AH_3,Q1AH_4,Q1AH_5,Q1AH_6,Q1AL_1,Q1AL_2,Q1AL_3,Q1AL_4,Q1AL_5,Q1AL_6,Q1BH_1,Q1BH_2,Q1BH_3,Q1BH_4,Q1BH_5,Q1BH_6,Q1BL_1,Q1BL_2,Q1BL_3,Q1BL_4,Q1BL_5,Q1BL_6,Q1CH_1,Q1CH_2,Q1CH_3,Q1CH_4,Q1CH_5,Q1CH_6,Q1CL_1,Q1CL_2,Q1CL_3,Q1CL_4,Q1CL_5,Q1CL_6,Q2AH_1,Q2AH_2,Q2AH_3,Q2AH_4,Q2AH_5,Q2AH_6,Q2AL_1,Q2AL_2,Q2AL_3,Q2AL_4,Q2AL_5,Q2AL_6,Q2BH_1,Q2BH_2,Q2BH_3,Q2BH_4,Q2BH_5,Q2BH_6,Q2BL_1,Q2BL_2,Q2BL_3,Q2BL_4,Q2BL_5,Q2BL_6,Q2CH_1,Q2CH_2,Q2CH_3,Q2CH_4,Q2CH_5,Q2CH_6,Q2CL_1,Q2CL_2,Q2CL_3,Q2CL_4,Q2CL_5,Q2CL_6,Q3AH_1,Q3AH_2,Q3AH_3,Q3AH_4,Q3AH_5,Q3AH_6,Q3AL_1,Q3AL_2,Q3AL_3,Q3AL_4,Q3AL_5,Q3AL_6,Q3BH_1,Q3BH_2,Q3BH_3,Q3BH_4,Q3BH_5,Q3BH_6,Q3BL_1,Q3BL_2,Q3BL_3,Q3BL_4,Q3BL_5,Q3BL_6,Q3CH_1,Q3CH_2,Q3CH_3,Q3CH_4,Q3CH_5,Q3CH_6,Q3CL_1,Q3CL_2,Q3CL_3,Q3CL_4,Q3CL_5,Q3CL_6,Q4AH_1,Q4AH_2,Q4AH_3,Q4AH_4,Q4AH_5,Q4AH_6,Q4AL_1,Q4AL_2,Q4AL_3,Q4AL_4,Q4AL_5,Q4AL_6,Q4BH_1,Q4BH_2,Q4BH_3,Q4BH_4,Q4BH_5,Q4BH_6,Q4BL_1,Q4BL_2,Q4BL_3,Q4BL_4,Q4BL_5,Q4BL_6,Q4CH_1,Q4CH_2,Q4CH_3,Q4CH_4,Q4CH_5,Q4CH_6,Q4CL_1,Q4CL_2,Q4CL_3,Q4CL_4,Q4CL_5,Q4CL_6",144,"TPN2R304PL,L1Q","N-MOSFET 40 V 2.3 mOhm, TSON Advance 3.3x3.3",TPN2R304PL,TSON-8_L3.1-W3.1-P0.65-LS3.3-BL-EP,SMD,C5802634,Bottom+Top
