Net,Reference,Pad
+3V3,C4,1
+3V3,C5,1
+3V3,C7,1
+3V3,C8,1
+3V3,C9,1
+3V3,C19,1
+3V3,C20,1
+3V3,C21,1
+3V3,C31,1
+3V3,C32,1
+3V3,C33,1
+3V3,C43,1
+3V3,C44,1
+3V3,C45,1
+3V3,L1,2
+3V3,R1,1
+3V3,R3,1
+3V3,TP_3V3,1
+3V3,U_ESC1,1
+3V3,U_ESC1,17
+3V3,U_ESC1,5
+3V3,U_ESC2,1
+3V3,U_ESC2,17
+3V3,U_ESC2,5
+3V3,U_ESC3,1
+3V3,U_ESC3,17
+3V3,U_ESC3,5
+3V3,U_ESC4,1
+3V3,U_ESC4,17
+3V3,U_ESC4,5
BUCK_CB,C3,1
BUCK_CB,U_BUCK,6
BUCK_FB,R1,2
BUCK_FB,R2,1
BUCK_FB,U_BUCK,4
BUCK_SW,C3,2
BUCK_SW,L1,1
BUCK_SW,U_BUCK,2
ESC_VSENSE,C6,1
ESC_VSENSE,R4,2
ESC_VSENSE,R5,1
ESC_VSENSE,U_ESC1,9
ESC_VSENSE,U_ESC2,9
ESC_VSENSE,U_ESC3,9
ESC_VSENSE,U_ESC4,9
GND,C1,2
GND,C2,2
GND,C4,2
GND,C5,2
GND,C6,2
GND,C7,2
GND,C8,2
GND,C9,2
GND,C10,2
GND,C11,2
GND,C12,2
GND,C16,2
GND,C17,2
GND,C18,2
GND,C19,2
GND,C20,2
GND,C21,2
GND,C22,2
GND,C23,2
GND,C24,2
GND,C28,2
GND,C29,2
GND,C30,2
GND,C31,2
GND,C32,2
GND,C33,2
GND,C34,2
GND,C35,2
GND,C36,2
GND,C40,2
GND,C41,2
GND,C42,2
GND,C43,2
GND,C44,2
GND,C45,2
GND,C46,2
GND,C47,2
GND,C48,2
GND,C52,2
GND,C53,2
GND,C54,2
GND,D1,2
GND,D5,2
GND,D9,2
GND,D13,2
GND,J_FC,2
GND,LED_PWR,2
GND,P_BAT-,1
GND,Q1A,5
GND,Q1A,6
GND,Q1A,7
GND,Q1B,5
GND,Q1B,6
GND,Q1B,7
GND,Q1C,5
GND,Q1C,6
GND,Q1C,7
GND,Q2A,5
GND,Q2A,6
GND,Q2A,7
GND,Q2B,5
GND,Q2B,6
GND,Q2B,7
GND,Q2C,5
GND,Q2C,6
GND,Q2C,7
GND,Q3A,5
GND,Q3A,6
GND,Q3A,7
GND,Q3B,5
GND,Q3B,6
GND,Q3B,7
GND,Q3C,5
GND,Q3C,6
GND,Q3C,7
GND,Q4A,5
GND,Q4A,6
GND,Q4A,7
GND,Q4B,5
GND,Q4B,6
GND,Q4B,7
GND,Q4C,5
GND,Q4C,6
GND,Q4C,7
GND,R2,2
GND,R5,2
GND,R8,2
GND,R11,2
GND,R14,2
GND,R16,2
GND,R19,2
GND,R22,2
GND,R25,2
GND,R27,2
GND,R30,2
GND,R33,2
GND,R36,2
GND,R38,2
GND,R41,2
GND,R44,2
GND,R47,2
GND,R49,2
GND,TP_GND,1
GND,U_BUCK,1
GND,U_ESC1,12
GND,U_ESC1,31
GND,U_ESC1,33
GND,U_ESC2,12
GND,U_ESC2,31
GND,U_ESC2,33
GND,U_ESC3,12
GND,U_ESC3,31
GND,U_ESC3,33
GND,U_ESC4,12
GND,U_ESC4,31
GND,U_ESC4,33
GND,U_GD1,25
GND,U_GD1,6
GND,U_GD2,25
GND,U_GD2,6
GND,U_GD3,25
GND,U_GD3,6
GND,U_GD4,25
GND,U_GD4,6
LED_PWR_A,LED_PWR,1
LED_PWR_A,R3,2
M1_A,C13,2
M1_A,P_M1A,1
M1_A,Q1A,10
M1_A,R7,1
M1_A,R9,1
M1_A,U_GD1,18
M1_B,C14,2
M1_B,P_M1B,1
M1_B,Q1B,10
M1_B,R10,1
M1_B,R12,1
M1_B,U_GD1,15
M1_C,C15,2
M1_C,P_M1C,1
M1_C,Q1C,10
M1_C,R13,1
M1_C,R15,1
M1_C,U_GD1,12
M1_CMP_A,R7,2
M1_CMP_A,R8,1
M1_CMP_A,U_ESC1,11
M1_CMP_B,R10,2
M1_CMP_B,R11,1
M1_CMP_B,U_ESC1,10
M1_CMP_C,R13,2
M1_CMP_C,R14,1
M1_CMP_C,U_ESC1,6
M1_GHA,Q1A,1
M1_GHA,U_GD1,19
M1_GHB,Q1B,1
M1_GHB,U_GD1,16
M1_GHC,Q1C,1
M1_GHC,U_GD1,13
M1_GLA,Q1A,8
M1_GLA,U_GD1,11
M1_GLB,Q1B,8
M1_GLB,U_GD1,10
M1_GLC,Q1C,8
M1_GLC,U_GD1,9
M1_HA,U_ESC1,20
M1_HA,U_GD1,22
M1_HB,U_ESC1,19
M1_HB,U_GD1,23
M1_HC,U_ESC1,18
M1_HC,U_GD1,24
M1_LA,U_ESC1,15
M1_LA,U_GD1,1
M1_LB,U_ESC1,14
M1_LB,U_GD1,2
M1_LC,U_ESC1,13
M1_LC,U_GD1,3
M1_NEUTRAL,R9,2
M1_NEUTRAL,R12,2
M1_NEUTRAL,R15,2
M1_NEUTRAL,R16,1
M1_NEUTRAL,U_ESC1,7
M1_NRST,C10,1
M1_NRST,U_ESC1,4
M1_SIG,J_FC,5
M1_SIG,U_ESC1,8
M1_SWCLK,TP_E1_CLK,1
M1_SWCLK,U_ESC1,24
M1_SWDIO,TP_E1_DIO,1
M1_SWDIO,U_ESC1,23
M1_VBA,C13,1
M1_VBA,D2,1
M1_VBA,U_GD1,20
M1_VBB,C14,1
M1_VBB,D3,1
M1_VBB,U_GD1,17
M1_VBC,C15,1
M1_VBC,D4,1
M1_VBC,U_GD1,14
M1_VCC,C11,1
M1_VCC,C12,1
M1_VCC,D1,1
M1_VCC,D2,2
M1_VCC,D3,2
M1_VCC,D4,2
M1_VCC,R6,2
M1_VCC,U_GD1,4
M2_A,C25,2
M2_A,P_M2A,1
M2_A,Q2A,10
M2_A,R18,1
M2_A,R20,1
M2_A,U_GD2,18
M2_B,C26,2
M2_B,P_M2B,1
M2_B,Q2B,10
M2_B,R21,1
M2_B,R23,1
M2_B,U_GD2,15
M2_C,C27,2
M2_C,P_M2C,1
M2_C,Q2C,10
M2_C,R24,1
M2_C,R26,1
M2_C,U_GD2,12
M2_CMP_A,R18,2
M2_CMP_A,R19,1
M2_CMP_A,U_ESC2,11
M2_CMP_B,R21,2
M2_CMP_B,R22,1
M2_CMP_B,U_ESC2,10
M2_CMP_C,R24,2
M2_CMP_C,R25,1
M2_CMP_C,U_ESC2,6
M2_GHA,Q2A,1
M2_GHA,U_GD2,19
M2_GHB,Q2B,1
M2_GHB,U_GD2,16
M2_GHC,Q2C,1
M2_GHC,U_GD2,13
M2_GLA,Q2A,8
M2_GLA,U_GD2,11
M2_GLB,Q2B,8
M2_GLB,U_GD2,10
M2_GLC,Q2C,8
M2_GLC,U_GD2,9
M2_HA,U_ESC2,20
M2_HA,U_GD2,22
M2_HB,U_ESC2,19
M2_HB,U_GD2,23
M2_HC,U_ESC2,18
M2_HC,U_GD2,24
M2_LA,U_ESC2,15
M2_LA,U_GD2,1
M2_LB,U_ESC2,14
M2_LB,U_GD2,2
M2_LC,U_ESC2,13
M2_LC,U_GD2,3
M2_NEUTRAL,R20,2
M2_NEUTRAL,R23,2
M2_NEUTRAL,R26,2
M2_NEUTRAL,R27,1
M2_NEUTRAL,U_ESC2,7
M2_NRST,C22,1
M2_NRST,U_ESC2,4
M2_SIG,J_FC,6
M2_SIG,U_ESC2,8
M2_SWCLK,TP_E2_CLK,1
M2_SWCLK,U_ESC2,24
M2_SWDIO,TP_E2_DIO,1
M2_SWDIO,U_ESC2,23
M2_VBA,C25,1
M2_VBA,D6,1
M2_VBA,U_GD2,20
M2_VBB,C26,1
M2_VBB,D7,1
M2_VBB,U_GD2,17
M2_VBC,C27,1
M2_VBC,D8,1
M2_VBC,U_GD2,14
M2_VCC,C23,1
M2_VCC,C24,1
M2_VCC,D5,1
M2_VCC,D6,2
M2_VCC,D7,2
M2_VCC,D8,2
M2_VCC,R17,2
M2_VCC,U_GD2,4
M3_A,C37,2
M3_A,P_M3A,1
M3_A,Q3A,10
M3_A,R29,1
M3_A,R31,1
M3_A,U_GD3,18
M3_B,C38,2
M3_B,P_M3B,1
M3_B,Q3B,10
M3_B,R32,1
M3_B,R34,1
M3_B,U_GD3,15
M3_C,C39,2
M3_C,P_M3C,1
M3_C,Q3C,10
M3_C,R35,1
M3_C,R37,1
M3_C,U_GD3,12
M3_CMP_A,R29,2
M3_CMP_A,R30,1
M3_CMP_A,U_ESC3,11
M3_CMP_B,R32,2
M3_CMP_B,R33,1
M3_CMP_B,U_ESC3,10
M3_CMP_C,R35,2
M3_CMP_C,R36,1
M3_CMP_C,U_ESC3,6
M3_GHA,Q3A,1
M3_GHA,U_GD3,19
M3_GHB,Q3B,1
M3_GHB,U_GD3,16
M3_GHC,Q3C,1
M3_GHC,U_GD3,13
M3_GLA,Q3A,8
M3_GLA,U_GD3,11
M3_GLB,Q3B,8
M3_GLB,U_GD3,10
M3_GLC,Q3C,8
M3_GLC,U_GD3,9
M3_HA,U_ESC3,20
M3_HA,U_GD3,22
M3_HB,U_ESC3,19
M3_HB,U_GD3,23
M3_HC,U_ESC3,18
M3_HC,U_GD3,24
M3_LA,U_ESC3,15
M3_LA,U_GD3,1
M3_LB,U_ESC3,14
M3_LB,U_GD3,2
M3_LC,U_ESC3,13
M3_LC,U_GD3,3
M3_NEUTRAL,R31,2
M3_NEUTRAL,R34,2
M3_NEUTRAL,R37,2
M3_NEUTRAL,R38,1
M3_NEUTRAL,U_ESC3,7
M3_NRST,C34,1
M3_NRST,U_ESC3,4
M3_SIG,J_FC,7
M3_SIG,U_ESC3,8
M3_SWCLK,TP_E3_CLK,1
M3_SWCLK,U_ESC3,24
M3_SWDIO,TP_E3_DIO,1
M3_SWDIO,U_ESC3,23
M3_VBA,C37,1
M3_VBA,D10,1
M3_VBA,U_GD3,20
M3_VBB,C38,1
M3_VBB,D11,1
M3_VBB,U_GD3,17
M3_VBC,C39,1
M3_VBC,D12,1
M3_VBC,U_GD3,14
M3_VCC,C35,1
M3_VCC,C36,1
M3_VCC,D9,1
M3_VCC,D10,2
M3_VCC,D11,2
M3_VCC,D12,2
M3_VCC,R28,2
M3_VCC,U_GD3,4
M4_A,C49,2
M4_A,P_M4A,1
M4_A,Q4A,10
M4_A,R40,1
M4_A,R42,1
M4_A,U_GD4,18
M4_B,C50,2
M4_B,P_M4B,1
M4_B,Q4B,10
M4_B,R43,1
M4_B,R45,1
M4_B,U_GD4,15
M4_C,C51,2
M4_C,P_M4C,1
M4_C,Q4C,10
M4_C,R46,1
M4_C,R48,1
M4_C,U_GD4,12
M4_CMP_A,R40,2
M4_CMP_A,R41,1
M4_CMP_A,U_ESC4,11
M4_CMP_B,R43,2
M4_CMP_B,R44,1
M4_CMP_B,U_ESC4,10
M4_CMP_C,R46,2
M4_CMP_C,R47,1
M4_CMP_C,U_ESC4,6
M4_GHA,Q4A,1
M4_GHA,U_GD4,19
M4_GHB,Q4B,1
M4_GHB,U_GD4,16
M4_GHC,Q4C,1
M4_GHC,U_GD4,13
M4_GLA,Q4A,8
M4_GLA,U_GD4,11
M4_GLB,Q4B,8
M4_GLB,U_GD4,10
M4_GLC,Q4C,8
M4_GLC,U_GD4,9
M4_HA,U_ESC4,20
M4_HA,U_GD4,22
M4_HB,U_ESC4,19
M4_HB,U_GD4,23
M4_HC,U_ESC4,18
M4_HC,U_GD4,24
M4_LA,U_ESC4,15
M4_LA,U_GD4,1
M4_LB,U_ESC4,14
M4_LB,U_GD4,2
M4_LC,U_ESC4,13
M4_LC,U_GD4,3
M4_NEUTRAL,R42,2
M4_NEUTRAL,R45,2
M4_NEUTRAL,R48,2
M4_NEUTRAL,R49,1
M4_NEUTRAL,U_ESC4,7
M4_NRST,C46,1
M4_NRST,U_ESC4,4
M4_SIG,J_FC,8
M4_SIG,U_ESC4,8
M4_SWCLK,TP_E4_CLK,1
M4_SWCLK,U_ESC4,24
M4_SWDIO,TP_E4_DIO,1
M4_SWDIO,U_ESC4,23
M4_VBA,C49,1
M4_VBA,D14,1
M4_VBA,U_GD4,20
M4_VBB,C50,1
M4_VBB,D15,1
M4_VBB,U_GD4,17
M4_VBC,C51,1
M4_VBC,D16,1
M4_VBC,U_GD4,14
M4_VCC,C47,1
M4_VCC,C48,1
M4_VCC,D13,1
M4_VCC,D14,2
M4_VCC,D15,2
M4_VCC,D16,2
M4_VCC,R39,2
M4_VCC,U_GD4,4
VBAT,C1,1
VBAT,C2,1
VBAT,C16,1
VBAT,C17,1
VBAT,C18,1
VBAT,C28,1
VBAT,C29,1
VBAT,C30,1
VBAT,C40,1
VBAT,C41,1
VBAT,C42,1
VBAT,C52,1
VBAT,C53,1
VBAT,C54,1
VBAT,J_FC,1
VBAT,P_BAT+,1
VBAT,Q1A,2
VBAT,Q1A,3
VBAT,Q1A,4
VBAT,Q1A,9
VBAT,Q1B,2
VBAT,Q1B,3
VBAT,Q1B,4
VBAT,Q1B,9
VBAT,Q1C,2
VBAT,Q1C,3
VBAT,Q1C,4
VBAT,Q1C,9
VBAT,Q2A,2
VBAT,Q2A,3
VBAT,Q2A,4
VBAT,Q2A,9
VBAT,Q2B,2
VBAT,Q2B,3
VBAT,Q2B,4
VBAT,Q2B,9
VBAT,Q2C,2
VBAT,Q2C,3
VBAT,Q2C,4
VBAT,Q2C,9
VBAT,Q3A,2
VBAT,Q3A,3
VBAT,Q3A,4
VBAT,Q3A,9
VBAT,Q3B,2
VBAT,Q3B,3
VBAT,Q3B,4
VBAT,Q3B,9
VBAT,Q3C,2
VBAT,Q3C,3
VBAT,Q3C,4
VBAT,Q3C,9
VBAT,Q4A,2
VBAT,Q4A,3
VBAT,Q4A,4
VBAT,Q4A,9
VBAT,Q4B,2
VBAT,Q4B,3
VBAT,Q4B,4
VBAT,Q4B,9
VBAT,Q4C,2
VBAT,Q4C,3
VBAT,Q4C,4
VBAT,Q4C,9
VBAT,R4,1
VBAT,R6,1
VBAT,R17,1
VBAT,R28,1
VBAT,R39,1
VBAT,U_BUCK,3
VBAT,U_BUCK,5
