Comment,Designator,Footprint,LCSC Part #
12.4k,R14,R_0402_1005Metric,C11692
1k,"R2,R24",R_0402_1005Metric,C11702
RED,LED_PWR,LED0603-RD,C125099
STM32G473CEU6,U_FC,UFQFPN-48_L7.0-W7.0-P0.50-BL-EP5.6,C1342773
SH-6P V,J_HD,CONN-SMD-6P-P1.00_BM06B-SRSS-TB-LF-SN,C160392
SH-8P RA,J_ESC,CONN-TH_SM08B-SRSS-TB-LF-SN,C160407
600R@100MHz,FB_OSD,L_0402_1005Metric,C160977
470nF,C12,C_0603_1608Metric,C1623
SMF33A,D_TVS,SMF_L2.8-W1.8-LS3.7-RD,C1972966
AO3400A,"Q_BZ,Q_VTX",SOT-23-3_L2.9-W1.3-P1.90-LS2.4-BR,C20917
ICM-45686,U_IMU,LGA-14_L3.0-W2.5-P0.50-TL,C22459454
BOOT,SW_BOOT,KEY-SMD_B3U-1000PM,C231329
2.2uF,C13,C_0603_1608Metric,C23630
4.7uF,"C20,C27,C31,C35",C_0402_1005Metric,C23733
W25Q128JVPIM,U_FLASH,WSON-8_L6.0-W5.0-P1.27-BL-EP,C2441427
100R,"R11,R26",R_0402_1005Metric,C25076
10R,R16,R_0402_1005Metric,C25077
330R,R25,R_0402_1005Metric,C25104
75R,"R20,R21",R_0402_1005Metric,C25133
100k,"R1,R6,R9,R12,R13",R_0402_1005Metric,C25741
10k,"R15,R17,R18,R19,R27",R_0402_1005Metric,C25744
30k,R3,R_0402_1005Metric,C25776
24.9k,"R7,R10",R_0402_1005Metric,C25874
5.1k,"R22,R23",R_0402_1005Metric,C25905
12pF,"C29,C30",C_0402_1005Metric,C26406
27MHz,Y2,CRYSTAL-SMD_4P-L3.2-W2.5-BL,C2687904
24.3k,R8,R_0402_1005Metric,C26969
25.5k,R5,R_0402_1005Metric,C26970
TLV76733 3.3V,U_LDO,WSON-6_L2.0-W2.0-P0.65-TL-EP,C2848334
100nF,"C2,C3,C6,C21,C22,C23,C24,C25,C28,C32,C33,C34,C36,C37,C38,C39",C_0402_1005Metric,C307331
4.7uH,L_5V,IND-SMD_L5.4-W5.1_SPM5020T-100M-LR,C307807
10uF,"C1,C4,C10",C_1210_3225Metric,C386167
2k,R4,R_0402_1005Metric,C4109
LM76003,U_BUCK9,WQFN-30_L6.0-W4.0-P0.50-BL-EP,C470958
6.8uH,L_9V,IND-SMD_L6.5-W6.5_VISHAY,C506575
LMR38020F,U_BUCK5,ESOP-8_L4.9-W3.9-P1.27-LS6.0-BL-EP-1,C5149193
USB-C,J_USB,USB-C-SMD_MC-311D,C5184243
1uF,"C14,C19,C26",C_0402_1005Metric,C52923
8MHz,Y1,CRYSTAL-SMD_4P-L3.2-W2.5-BL,C5727434
RB160VAM-40,D_USB,SOD-323HE_L2.0-W1.4-LS2.5-RD,C703624
USBLC6-2SC6,U_ESD,SOT-23-6_L2.9-W1.6-P0.95-LS2.8-BL,C7519
100nF,"C5,C11",C_0603_1608Metric,C77058
AT7456E,U_OSD,TSSOP-28_L9.7-W4.4-P0.65-LS6.4-BL-EP-2,C82351
22uF,"C7,C8,C9,C15,C16,C17,C18",C_0805_2012Metric,C86816
BLUE,LED_STAT,LED0603-RD,C99290
