Comment,Designator,Footprint,LCSC Part #,Manufacturer Part #,Manufacturer
12.4k,R17,R_0402_1005Metric,C11692,0402WGF1242TCE,UNI-ROYAL
121k,R13,R_0402_1005Metric,C11693,0402WGF1213TCE,
1k,"R2,R29",R_0402_1005Metric,C11702,0402WGF1001TCE,UNI-ROYAL
STM32G473CEU6,U_FC,UFQFPN-48_L7.0-W7.0-P0.50-BL-EP5.6,C1342773,STM32G473CEU6,STMicroelectronics
BSS138DW,Q_TSW,SC-70-6_L2.0-W1.3-P0.65-LS2.1-BL,C154900,BSS138DW-7-F,Diodes Incorporated
600R@100MHz,FB_OSD,L_0402_1005Metric,C160977,BLM15PX601SN1D,Murata
SMF33A,"D_TVS,D_TVS9",SMF_L2.8-W1.8-LS3.7-RD,C1972966,SMF33A-E3-08,Vishay
27MHz,Y2,CRYSTAL-SMD_4P-L3.2-W2.5-BL,C1985432,ABM8AIG-27.000MHZ-12-2Z-T3,Abracon
AO3400A,Q_VTX,SOT-23-3_L2.9-W1.3-P1.90-LS2.4-BR,C20917,AO3400A,Alpha & Omega Semiconductor
22uF,"C6,C7,C12,C13",C_1210_3225Metric,C21397,GRM32ER71E226KE15L,
BOOT,SW_BOOT,SW-SMD_5P-L4.2-W2.8-P1.60-LS4.6-TR,C221678,KMR223GLFG,C&K
10uF,C14,C_0805_2012Metric,C237493,GRM21BZ71E106KE15L,
100R,R11,R_0402_1005Metric,C25076,0402WGF1000TCE,UNI-ROYAL
10R,R21,R_0402_1005Metric,C25077,0402WGF100JTCE,UNI-ROYAL
330R,R30,R_0402_1005Metric,C25104,0402WGF3300TCE,UNI-ROYAL
75R,"R25,R26",R_0402_1005Metric,C25133,0402WGF750JTCE,UNI-ROYAL
100k,"R1,R6,R9,R12,R15,R16,R18",R_0402_1005Metric,C25741,0402WGF1003TCE,UNI-ROYAL
10k,"R14,R22,R23,R24",R_0402_1005Metric,C25744,0402WGF1002TCE,UNI-ROYAL
30k,R3,R_0402_1005Metric,C25776,0402WGF3002TCE,UNI-ROYAL
24.9k,"R7,R10",R_0402_1005Metric,C25874,0402WGF2492TCE,UNI-ROYAL
3.3k,R20,R_0402_1005Metric,C25890,0402WGF3301TCE,
5.1k,"R27,R28",R_0402_1005Metric,C25905,0402WGF5101TCE,UNI-ROYAL
57.6k,"R5,R8",R_0402_1005Metric,C26983,0402WGF5762TCE,
BLUE,LED_STAT,LED0603-R-RD_BLUE,C2837822,SMLD12BN1WT86,Rohm
RED,LED_PWR,LED0603-RD_1,C2962748,SML-D15UWT86,Rohm
IIM-42652,U_IMU,LGA-14_L3.0-W2.5-P0.50-TL,C2988404,IIM-42652,TDK InvenSense
100nF,"C1,C2,C5,C10,C11,C18,C19,C20,C21,C22,C25,C29,C30,C31,C33,C34,C35,C36",C_0402_1005Metric,C307331,CL05B104KB54PNC,Samsung Electro-Mechanics
15uH,"L_5V,L_9V",IND-SMD_L7.1-W6.5_SPM6530T,C307809,SPM6530T-150M-HZ,TDK
TPS628501,U_BUCK3,SOT-583-8_L2.1-W1.6-P0.50-LS1.6-BL,C3193207,TPS628501DRLR,Texas Instruments
10uF,"C3,C8",C_1210_3225Metric,C386167,UMK325AB7106KM-T,Taiyo Yuden
0.47uH,L_3V3,IND-SMD_L2.5-W2.0_TFM252012ALMA2R2MTAA,C404800,TFM252012ALMAR47MTAA,TDK
2k,R4,R_0402_1005Metric,C4109,0402WGF2001TCE,UNI-ROYAL
22.1k,R19,R_0402_1005Metric,C43473,0402WGF2212TCE,
LMR38020F,"U_BUCK5,U_BUCK9",ESOP-8_L4.9-W3.9-P1.27-LS6.0-BL-EP-1,C5149193,LMR38020FDDAR,Texas Instruments
USB-C,J_USB,USB-C-SMD_MC-311D,C5184243,USB4105-GF-A-120,Global Connector Technology
TMP390A2,U_TSW,SOT-563_L1.6-W1.2-P0.50-LS1.6-BR,C5219772,TMP390A2DRLR,Texas Instruments
Micro-Lock Plus 8P RA,J_ESC,CONN-SMD_8P-P1.25_5055670871,C585387,5055670871,Molex
S25FL128LAGNFM010,U_FLASH,WSON-8_L6.0-W5.0-P1.27-BL-EP,C5880817,S25FL128LAGNFM010,Infineon Technologies
RB160VAM-40,D_USB,SOD-323HE_L2.0-W1.4-LS2.5-RD,C703624,RB160VAM-40TR,ROHM
USBLC6-2SC6,U_ESD,SOT-23-6_L2.9-W1.6-P0.95-LS2.8-BL,C7519,USBLC6-2SC6,STMicroelectronics
10pF,"C17,C26,C27",C_0402_1005Metric,C76946,GRM1555C1H100JA01D,
100nF,"C4,C9",C_0603_1608Metric,C77058,GRM188R72A104KA35D,Murata
AT7456E,U_OSD,TSSOP-28_L9.7-W4.4-P0.65-LS6.4-BL-EP-2,C82351,AT7456E,Hangzhou Zhongke Microelectronics
1uF,C23,C_0603_1608Metric,C85862,GCM188R71E105KA64D,
8MHz,Y1,OSC-SMD_2P-L3.2-W2.5,C889706,NX3225GD-8MHZ-STD-CRA-3,NDK
4.7uF,"C15,C16,C24,C28,C32",C_0603_1608Metric,C913474,GRM188Z71A475KE15D,
